PCA1,PCA2,Cluster,Chemical Oxygen Demand
-1.3157834657686864,-1.10043880840428,0,730.0
-1.4724135902740672,-1.3337851120326474,0,740.0
0.7427299370360589,0.0018926369609505206,2,836.0
0.16715012278641858,-0.6657244639315484,0,850.0
1.794295855312951,-0.21303039311552416,1,1016.0
0.061169386338859946,-0.08136462759497382,2,820.0
3.0168007391434477,-0.09135709076826772,1,1110.0
-0.09890214723528043,0.3141894851592629,2,730.0
-1.252056167347306,-1.165495242485716,0,710.0
1.8310985745196733,-0.7989913184266237,1,830.0
1.3560742628081992,0.3836129519786097,1,870.0
-0.9334941451350167,1.0638709659454761,2,590.0
2.5026549495059767,-1.752311110930215,1,1200.0
0.8155987479895042,-0.733187076900429,1,930.0
1.2751615681916615,-1.0322519674176784,1,1011.0
3.512916825435441,-0.12704424554994476,1,980.0
0.7013039613374852,-0.407531722922864,1,862.0
0.22949690413412405,0.6347626904779101,2,760.0
-0.3619412923374495,-0.10046407552095778,0,690.0
-2.7724885192652415,-0.21265060396623284,0,573.0
-0.8929498531209081,-0.6782406428484719,0,720.0
0.39279593423142023,-0.18316041523071586,2,840.0
0.12486799599478027,0.630040773704012,2,688.0
0.32514078561757154,0.44709312896795034,2,781.0
-0.29771893668029925,-0.4909176620795943,0,783.0
-1.6222871752609744,1.8740544554736713,2,740.0
0.5626733598100948,0.6717231481634129,2,770.0
0.013120128170518885,0.22615916153813115,2,755.0
0.32925534682068613,-0.9476322432563552,1,871.0
-0.33265549792489907,0.03928820746843701,2,871.0
0.27939373484168994,-0.7406134518396976,1,841.0
0.39005334246295936,-0.5064364473481021,2,833.0
-0.4725811924578417,-0.0430788957710795,0,715.0
-1.6105788321691077,-0.17564222372881197,0,828.0
0.8319885074620541,-0.7828219182519307,1,907.0
-0.11392089842979627,-0.3708669080097201,0,811.0
-0.5243928336778981,-1.1007967742064413,0,809.0
-0.9660777198923822,-0.32062341509418846,0,949.0
0.4522649459058957,-0.5441428035582738,1,843.0
1.0402895727003936,-0.9191992354912015,1,944.0
1.5444843037831988,-0.2977088782714567,1,979.0
0.7907316006305014,-0.21349655760609856,1,869.0
-0.1407638982028104,0.5143037172287555,2,702.0
0.04202793767889271,0.09908964034753834,2,870.0
0.5531898365707004,-0.988364449327782,1,874.0
-0.42748965312986476,-0.7511455116480129,0,801.0
1.1499391064367468,-0.7395783282729806,1,955.0
0.6212178155732728,-0.41332739913002886,1,868.0
0.3273382950665918,-0.23301569787028104,2,820.0
0.9152537563974402,0.9921447559189146,2,840.0
1.1635381997172127,-0.10203943732042836,1,930.0
0.16969193332288457,0.04537402575874594,2,810.0
-0.07517064750764842,0.4818706750152578,2,710.0
-0.41786467684944506,-0.2651884768231415,0,750.0
0.07036921676676626,-1.190576637856727,0,850.0
1.1429873574071154,-1.494886747754957,1,930.0
0.7620820423333641,-1.0228398335146396,1,915.0
1.2630938911772032,-0.6854784093462418,1,970.0
0.10444325496219661,-1.067562677502731,0,845.0
0.2676435447811202,-1.5482779170085974,1,925.0
0.983550779863404,0.39547676839797047,2,845.0
0.4348814731498957,-1.0462618156885928,1,855.0
0.6395989878260364,-0.07955487617166862,2,830.0
0.4935699748424061,-0.7684310931186762,1,840.0
1.3822011890815105,-0.5170719131027164,1,945.0
0.07777363065505533,-0.2515127309954565,2,920.0
0.6653622750350785,-0.781972293233632,1,915.0
0.13553588206024844,-0.0632332155906967,2,810.0
-0.24499782006542992,-0.37633426478773924,0,780.0
-0.92097073343822,0.8129092181485083,2,835.0
-0.8435768131815559,-0.6006042930362047,0,730.0
-1.9284562875583313,-1.111300461845605,0,646.0
-0.8045190654080594,-0.20645737931533065,0,670.0
-1.2198483988968454,0.9593057223865331,0,744.0
-0.08647014270413583,0.4690952013611957,2,715.0
-1.5583768807952343,-0.83700696006456,0,690.0
-0.5339634768186151,-0.4525220269697817,0,742.0
-0.9705661650891615,-0.1522117986797128,0,740.0
-0.9305040731585945,-0.5576984986273886,0,680.0
-0.5044834311371793,-0.308696686032766,0,730.0
-0.4431551118492318,-0.005768557995794291,0,740.0
-0.6111443324462768,0.6450584517423005,2,690.0
0.1929089424752505,-0.5830465383739099,2,830.0
0.25105506797664834,0.13569937890444703,2,814.0
-2.981553298801341,-0.5018195976210654,0,605.0
-0.7705027057945653,-1.1531149715832247,0,800.0
-0.7899055916438213,-0.5622327903502521,0,714.0
-0.6890220368368352,1.2303617049292674,2,720.0
-0.41071336111411827,-0.1815007329687295,0,760.0
-0.23280484200872145,0.21822126283106325,2,770.0
0.0344097288565495,0.8338058877175423,2,740.0
0.1274074222456325,0.42238932301274074,2,760.0
0.035279261718550246,-1.1296246275603978,0,870.0
-2.4115536038667433,0.9706230160446366,0,760.0
-0.06331628703469856,0.03724193143015028,2,785.0
0.3585152241547893,-1.0353166855949743,1,900.0
-0.8609457344093067,-0.7260125005981798,0,735.0
-0.48790712011816667,-0.5973146762430277,0,790.0
0.30514618403159455,-0.8565851240098455,1,880.0
-0.6575548670966888,-0.9982206404423704,0,816.0
-0.4450501671795091,-0.7918135590004205,0,816.0
-0.19486005699036227,0.4990250616042943,2,710.0
-0.6871491671985436,-1.0515589198133246,0,800.0
-0.2973650150143666,-1.6765946482766634,0,840.0
-0.23003489069829572,-0.27937114951056624,0,785.0
-0.07440851580306525,-0.4040980110450961,0,815.0
-0.8586022090363785,-0.6543735617085965,0,710.0
-0.38957110557549224,-0.37000838159572685,0,785.0
-0.6045728393664136,-0.8779166522029002,0,775.0
-0.3188763845182546,-0.023580704806802993,2,667.0
0.44500893368430333,1.0406111655793973,2,766.0
-0.29773094300157743,0.31389653037487353,2,740.0
-0.8209156766864333,-0.2904771357257925,0,700.0
0.7318260703445482,-0.6990188452602843,1,785.0
0.7505467066404929,-0.06998061194315837,1,900.0
0.531373420059761,-0.40620851054474544,1,870.0
-0.7752999308420295,-0.06835262932593004,0,660.0
-0.7831672723957211,1.187932222483677,2,711.0
-0.48892102075221555,-0.5223155441109381,0,764.0
-1.0111132094557607,-0.3565669091671311,0,693.0
-0.6052601764193171,-0.31440589191930257,0,737.0
-1.296611858990105,0.34687186409286713,0,750.0
-1.8010606493824908,-0.1466844863125294,0,620.0
-2.5437333849149546,-0.9367465884828817,0,616.0
2.4253748708358707,-1.105847935939112,1,1137.0
-0.26976574438198714,0.59447355822757,2,720.0
-0.4347812536040775,0.1209288596012463,2,735.0
-0.9028397267300473,-0.4498179259671792,0,774.0
-0.15377918261449805,0.7633273314220363,2,695.0
-0.26918713916717407,0.21069784819340368,2,735.0
-0.244687457621571,0.018830006323899865,2,761.0
-2.1306444778690063,0.35622045063761737,0,580.0
-0.6850785592622997,-0.18082637941688864,0,734.0
-2.541972382497117,-0.5027898714987239,0,737.0
-1.8648548818117698,0.7466611369932894,0,510.0
-1.0465134315851632,2.0201945010312983,2,500.0
-1.476624829312659,0.7913479534934914,0,554.0
-1.2088448755373276,0.6908526728560542,0,615.0
-1.322183232991714,0.6367790643381941,0,600.0
-2.891993828502966,0.2416491378654104,0,586.0
-0.6971844815191968,0.21777453249850937,0,675.0
-0.5172480016815197,-0.12304684921419222,0,745.0
-0.9419599409912323,-0.8007709930832722,0,765.0
-0.41981832423694326,0.21789197487841924,2,740.0
0.21478065473968605,-0.1609606950270603,2,840.0
-2.765205830125401,0.09506093970259373,0,920.0
-1.9935985215466954,0.24157168516522273,0,613.0
-1.0207401557307558,-0.23139043985645877,0,650.0
-1.035531886772114,-0.5512824519878438,0,683.0
-0.6644886714745012,-0.08589164928877442,0,779.0
-1.1025169083083015,-0.9500636907983069,0,746.0
-2.2045078500225013,0.4301447019727595,0,558.0
-0.6828467907841544,-0.1926622174453022,0,738.0
-1.4758294474169067,0.20147559055729228,0,706.0
-0.4878907118353629,0.26097440305539615,2,689.0
-0.8019256740843813,-0.3075938268448716,0,705.0
-0.86338646514877,-0.5044154118374155,0,737.0
-0.845261849731223,0.13125295641935145,0,673.0
-1.593830108298019,-0.4033908927386288,0,631.0
-1.4721015782211708,-1.221984288449483,0,780.0
-2.480833755966698,-0.8380169826839189,0,618.0
-2.443906744555681,-0.8548254879904428,0,622.0
-2.8284270498524067,0.4036209689946862,0,734.0
0.1435661276703734,-0.6277963922294499,0,848.0
-1.7424019391988952,-1.3222220951720327,0,710.0
-0.07986964047327315,-2.1581117945714956,0,957.0
-1.819642811469944,-1.7108964438460976,0,770.0
-1.373765517454335,-0.4925113281848738,0,640.0
-2.183222445609654,-0.7136902912317274,0,661.0
-0.9593804430061951,-0.1139442634254118,0,685.0
0.5050511397741079,-1.7394268702208813,1,1019.0
-0.2697961766619808,-0.20335465998771185,0,800.0
-0.9177949563747589,-0.3037248344379716,0,670.0
-1.6497560380169873,-1.7496402910636244,0,775.0
-0.942544067331199,0.34707689815708614,0,680.0
-0.8716984976773161,-0.018766562825099233,0,687.0
-0.3114473157591553,-0.496365126179045,0,825.0
-0.859802018988635,-0.14261122404232363,0,690.0
0.8659008575845241,-0.214411245124571,1,905.0
2.365210247173675,-2.217069495292693,1,1250.0
-0.25730420462596004,-0.7710011217960633,0,955.0
0.6501491131074937,-0.8805566311019205,1,950.0
-1.8568190003792955,-0.8213658298277177,0,660.0
-0.1284054530053465,-0.8215795328381398,0,850.0
-0.6669952618252213,-1.1120273199904578,0,820.0
-0.3357375075123823,-0.07708686939040593,0,940.0
-0.7875522356325354,-0.5958960921485864,0,765.0
-0.47554677048481203,-0.0961328160729731,0,773.0
-0.6908520149137684,-0.8655507600298218,0,775.0
-0.41450624200451214,0.10362799562001512,2,681.0
-0.24361959191469626,0.050345877353540645,2,750.0
-1.092689133119974,-0.10757578217501747,0,650.0
-1.751182356416488,-1.178671090544702,0,700.0
-1.6081549910193458,-1.1905333918221772,0,697.0
-0.03882325014940095,0.47666121405723755,2,710.0
-0.5165649250033094,0.8634794553803672,2,995.0
1.0060722723907207,1.0058259275979158,2,829.0
1.4609089949121445,1.0080755697183534,2,845.0
0.37936591127514885,1.01137058423594,2,740.0
-0.6639680652271639,-1.211568855337762,0,815.0
-2.442005205486455,-0.9628426681236539,0,620.0
-0.24490359353142874,-0.43061345398820555,0,735.0
0.4917145416593989,-0.20641000338179974,2,842.0
0.16002504597225217,0.003574630824546277,2,825.0
-0.7566229476736549,0.2838733601757252,0,655.0
-3.0191152185614514,-0.6243336602063625,0,610.0
-1.5304625759676158,0.1024315574111423,0,655.0
0.4098389817876183,1.0070030563620442,2,740.0
-0.19091467643711085,0.07158191760552668,2,740.0
-1.345268506501393,-0.8963404723731794,0,700.0
-1.5771794839342235,-0.9494718087598241,0,730.0
-0.3037433133446351,-1.877209987576375,0,910.0
-1.7710188851615913,0.5267114050368412,0,715.0
-4.037726913203878,-0.533394382485498,0,432.0
-0.5873179654135621,0.102920339183691,0,670.0
0.22005332342754053,-0.005028872878850978,2,825.0
1.0831327102445545,0.5650246349826634,2,840.0
0.2279505027143055,0.6942212723582702,2,700.0
-2.4252940369482126,0.4145029088927839,0,535.0
-0.6706202436079111,-0.48310059319897536,0,720.0
-2.0178373382010526,-0.06300654763496692,0,600.0
-0.31397054087272225,-0.1953663184479047,0,760.0
-0.5958462277574647,-1.7185277732402766,0,830.0
-0.10099793757339401,0.4181336073448536,2,694.0
-1.0755973241449142,-0.0812355226005267,0,640.0
3.552107982166714,-2.568205650522694,1,1510.0
1.602775756756088,0.4728380824419828,1,945.0
-0.6654699626884613,0.9407439191816079,2,775.0
-1.6967600021146663,-1.7025975856685338,0,761.0
-1.5737774421858803,-0.8060097581185057,0,680.0
-0.2517928760733714,-1.229115720074963,0,840.0
-0.048253243398707374,-0.5097497146890954,0,760.0
0.41373119750330634,-0.7730403172609068,1,885.0
-0.4423304674328002,-0.43276442504362056,0,770.0
-0.5023507247801239,-0.5088747711409123,0,760.0
0.7665310739855665,-0.9210556485225022,1,1130.0
1.0950680272654194,-1.6216743287995303,1,1067.0
0.1627415120595738,-1.5188479545341975,1,920.0
-1.449234090230387,0.14505523547826016,0,755.0
-0.44939594335178984,-0.6604141173080501,0,810.0
-0.5874018829166598,-1.7197380520487056,0,830.0
-0.9527474445952644,-0.6968030441541866,0,690.0
-0.31965678126019736,-0.4774793727749525,0,680.0
0.10330240513403537,-0.797209013642844,0,830.0
0.17428125117114787,0.04471626553677372,2,810.0
1.4282074536824259,-0.3957681293258483,1,940.0
-0.19822651194325985,0.2149224389618264,2,730.0
1.1704996632308284,-0.06596181943986805,2,900.0
0.3387566716678919,-1.6863677416501976,1,930.0
1.1735889134827124,-0.8852604760195014,1,965.0
0.5934604109128611,-0.6852972301524238,1,885.0
-0.6978591714797431,-0.6790690128864988,0,750.0
0.5981984016748519,-0.6987141763789552,1,850.0
0.04359739204182038,0.26663301326901107,2,865.0
-0.8820879899479327,-0.5375048519711823,0,710.0
-0.06763752157618998,-0.15049517624536787,2,811.0
0.7340981941893663,0.9860046254732838,2,810.0
0.10418404113716301,-0.0011598804719510675,2,790.0
0.8951761343634764,0.18401672614957043,2,844.0
1.2254874958053845,1.4050054509261234,2,945.0
1.6690435364904381,1.0744735289722471,2,851.0
1.3973425366471235,0.5183336819820088,1,900.0
-0.4551536314915351,0.16869069459157854,2,680.0
-0.33222657300459185,0.14941518764272768,2,720.0
-0.13378834221896757,-0.2516378005671972,2,810.0
-0.05397772611426862,0.9666049246069406,2,875.0
-0.8030688128354827,1.7549835676471894,2,580.0
-0.2677466054501092,0.3314090870886562,2,693.0
-0.5991165979646291,-0.7220111404635697,0,760.0
-0.5374243192268724,-0.9451205170530295,0,795.0
1.9052428634261165,0.3403220890309337,1,865.0
0.9457549881443105,-0.22585627298688832,1,905.0
0.47634871914759935,-0.4254549824813115,1,840.0
-0.41605534809548383,-0.4278933062741215,0,767.0
0.22888154090737514,-0.3290929197032443,2,840.0
0.5981984016748519,-0.6987141763789552,1,850.0
-0.3522981449251677,-0.13229318779176136,0,740.0
-0.16326153609457938,-0.26180854374224904,0,815.0
-0.9161969279435682,-0.673251687920858,0,680.0
1.7748486041776566,-0.2085024076696357,1,890.0
0.6196718954603522,-0.4188638172154917,1,870.0
0.9708028903060705,-0.24384120759897074,1,910.0
-0.22511332722237606,-0.2928144061459762,0,750.0
-0.9611075977715934,0.29712890366226125,0,610.0
-0.7752837297047444,0.02499472771393883,0,667.0
-0.4356004231195167,-0.7183141201744278,0,790.0
-0.4979955992763831,-0.6805814535553772,0,780.0
2.9204330844378767,-0.16225797590753901,1,1100.0
-0.7652114516838131,0.014914147986419414,0,670.0
-1.5251051210683666,0.09337826973592407,0,610.0
-0.07535007308690779,0.024571699411603656,2,790.0
0.05321233199553864,0.9462707364128065,2,700.0
0.659791986358396,-0.08244902114834653,2,830.0
1.121304949041632,-0.20948902067919972,1,930.0
-0.4413350583161528,0.33779264652703367,2,660.0
1.974177039397128,-1.5580935569581111,1,1260.0
-0.5524350026320887,-0.359403924515831,0,750.0
-0.2751550055517118,0.1124455228811651,2,730.0
-1.3893317531312555,0.7039829291883234,0,580.0
-0.5615434721185042,-0.1582260438702873,0,720.0
3.154724249892899,-1.40083005142973,1,1282.0
0.015884924965491577,0.667035539412933,2,860.0
0.9078102493501139,-0.004493406142810996,2,830.0
0.16834413745214327,0.41652210183274824,2,760.0
1.007782698487776,0.0642337378188879,1,880.0
4.055781163722907,-3.6414133673121176,1,1700.0
1.5773376562233574,0.26387368306999026,1,940.0
1.3566499562063403,-1.3560843640886084,1,1027.0
-0.013392849339094086,0.4425694066228496,2,760.0
-1.3506950026184241,-0.10104431830039876,0,855.0
0.2455517118506882,-0.8463867081242118,1,970.0
2.9919367300811586,-0.40116852317213336,1,1140.0
-0.1919815333060297,0.412242712261549,2,740.0
-0.013934906601842191,-0.2976056251653402,2,820.0
0.9155526579284299,-1.174390564742856,1,885.0
-0.45501105637253436,-1.7259749812547052,0,865.0
0.9261527620694008,-1.1487769738575988,1,990.0
-1.189327207736593,0.4466550957085059,0,620.0
0.4806308128487186,-1.6507789655131189,1,950.0
0.49653401795753493,-0.6714053342643698,1,885.0
1.415484218995903,-2.4469344335563017,1,900.0
0.9537588353690929,-0.9528611749878328,1,960.0
-1.4457375477866636,-0.5956986253052652,0,640.0
1.177419559765823,-0.3039013885968233,1,960.0
-0.5165444634913311,-0.5932102524579208,0,790.0
-1.068124648482406,-0.7793743657746065,0,685.0
0.6528572387013125,-1.990495310052907,1,970.0
-1.3697615433866894,-1.335759755000267,0,775.0
0.798952911531462,-1.299971560105905,1,970.0
-0.791509142657342,-0.2819539255507349,0,735.0
0.9646744579265506,-0.6172319333178063,1,945.0
0.7460903418755673,-0.24042439473143667,1,920.0
-0.791509142657342,-0.2819539255507349,0,735.0
-0.6827751358863645,-0.538938361413424,0,740.0
0.21577383903490194,-0.8996986770862868,1,860.0
1.4644910567866647,0.45112981713187966,1,920.0
1.1011212521593974,-1.6023889519314864,1,940.0
-2.0036707995676264,0.2516522648927422,0,610.0
-0.576197895796334,-0.3416031627659009,0,745.0
-0.8043393656674207,-0.5790951259360542,0,760.0
-5.6858289205634405,-0.2692619450229568,0,570.0
-1.237757683011322,-0.5407944687643592,0,650.0
-3.1488620341513074,-0.5481579459285317,0,590.0
-0.9010078263398736,-0.3205258006505039,0,675.0
-0.5301916311954187,-0.22029937898903293,0,750.0
-0.5886299003274785,-0.49650887896783386,0,760.0
-3.069281509480622,-0.4604560945767281,0,595.0
-0.8163731517196312,-0.5917653579546005,0,765.0
1.152162212578672,-0.8644803731761289,1,975.0
-0.5755645238162563,-1.011628926211229,0,820.0
-1.4959817046383679,-0.8747396266836105,0,700.0
-1.0105043791064712,-0.7074561232445706,0,736.0
0.3642360439569289,-0.4127006990651774,1,710.0
-1.2573343109361514,-0.055188217810425294,0,640.0
-0.29901531122801067,-0.34145940997711227,0,810.0
-0.5910951726977299,0.04422475916081891,0,730.0
-0.3327106775240243,-0.35102501374794975,0,815.0
-0.5900081284782136,-0.9231890211091135,0,790.0
-0.817849707314878,-0.004674359265572157,0,890.0
-1.1309734968787113,-0.4442536823309516,0,690.0
-0.2875665023467181,-0.9969832355417467,0,840.0
0.6870807991842414,-0.9175187567694916,1,961.0
-0.4956913265266744,-0.07597165661793433,0,767.0
3.6441205113685444,-2.3255980829689578,1,1500.0
0.5139259921283963,-0.3189951719005623,1,920.0
0.5895188571087424,-0.3874093155591205,1,900.0
0.19687435091491842,-1.0466975547382726,1,912.0
2.133912180208944,-1.4835368872863777,1,1125.0
-0.4356171041065249,0.10665369264108755,2,800.0
0.6378478189609068,1.0878265059353789,2,840.0
2.209093513414456,-2.1775038719631277,1,875.0
1.0004122232430712,0.12121287637450447,1,900.0
0.0787569872262645,0.8216918674123569,2,742.0
0.9684712117902371,-0.5297492256947066,1,970.0
0.9838030956584524,-1.3067472920120817,1,1042.0
0.30891919795693035,-0.842730923591749,1,875.0
-0.8235363143120539,-0.4611840226028596,0,730.0
1.5987772113652734,-0.45231900318343315,1,1030.0
0.8298313727142315,-1.3562190626415198,1,988.0
1.3099309650051338,-0.704142447258407,1,1053.0
0.6917375115556015,0.28558440391857126,2,884.0
0.7508718933168056,-0.9813624283771144,1,980.0
-1.7895099604689333,-1.1155979598885586,0,680.0
-3.854041640686114,-0.8689950710192835,0,500.0
-3.245910127879797,0.5802731925950668,0,593.0
-0.937873859950883,0.1992273622209601,0,654.0
-0.30337043673175146,-0.16975272756264723,0,790.0
-0.536775914411649,-1.3034304758958362,0,880.0
-0.6164164065872111,-0.6685801492373555,0,960.0
1.2928871172136747,-0.6482206923887145,1,995.0
1.4620148987159394,0.22282236464547797,1,960.0
0.9846372965518624,-1.009108677523448,1,978.0
-1.414807619056703,-0.37146928619509145,0,760.0
0.0831324595447863,-0.5673129138643336,0,830.0
1.5650498749630761,-2.922381326396263,1,1180.0
0.2905525295510795,-2.1552794774886355,1,977.0
1.0603905218388472,-0.7140059731444024,1,990.0
0.3519014519378379,-0.09590072065890276,2,850.0
-2.891232704179164,-0.16317604399104518,0,1050.0
0.18524563514746725,-0.7834777048114693,1,900.0
1.511695386368129,-2.36693896024279,1,1108.0
-1.342159663445829,-1.1846853357352765,0,800.0
0.6565850437955371,-0.1124364047976274,1,880.0
0.8463556230963091,0.08571305422343795,1,920.0
-0.8107553831662461,-1.1440316156298795,0,952.0
0.09201253197321235,-2.53354862013294,1,1000.0
0.27990700943348046,-1.0816300857952648,1,920.0
0.8144293703172414,0.5764034789811259,2,830.0
0.7792071029567679,0.15291691907356716,2,900.0
0.077440377646618,0.24241626962187948,2,825.0
0.44535914329830184,-0.2549022001882698,1,840.0
1.2092282589063996,-0.13737785673149985,1,940.0
0.31584237291829725,0.4496477222945867,2,820.0
0.614300532718285,0.26457889245636734,2,830.0
0.928301396859537,0.4276491901880633,2,876.0
1.559762590645464,-0.15350516885076118,1,1007.0
-0.5926697815761106,0.8151501764557777,2,735.0
-0.27170271078247715,0.25258619711361563,2,760.0
0.10236850134845543,-0.6276497619970723,0,850.0
1.1091388506771653,-0.7065978229016339,1,985.0
-0.9922598257648206,0.18974822877075073,0,880.0
1.6971279383575542,0.4144731526734578,1,1000.0
1.0162392582525512,0.8764711587041073,2,834.0
0.6940649504884416,0.024484376792222918,2,870.0
0.0652067045031712,1.2291367698379665,2,780.0
1.1254402742649172,0.41501129253050134,1,910.0
1.2064861946689966,-0.023482223197400263,1,940.0
-0.09055622374448505,-0.5309031539430366,0,826.0
-2.5646526989620573,-0.667307547399124,0,769.0
-1.9475815798479985,-0.4863453325909711,0,627.0
-0.6618869396573204,-0.5995120032260729,0,760.0
-2.3118244237008607,-0.7746484135780015,0,627.0
-0.5135919006235948,-0.10751880538722229,0,747.0
0.8652954859174915,-1.0207940393523969,1,988.0
0.9577062812795922,0.7195358478915955,2,852.0
3.800019417756234,-0.47344987503077757,1,1322.0
1.2173580956258485,0.7768930492505267,2,898.0
0.39447911548370906,-0.5432757695267907,1,885.0
1.501939683282978,-0.31917922853796893,1,1028.0
1.2541294213959575,0.376414075545352,1,917.0
6.459682928586881,-0.3306672598897892,1,1193.0
0.7829629069068612,-0.298752903233868,1,899.0
1.0430755656839221,-0.7328991775446468,1,958.0
0.7846090574430109,-0.32324268563132497,1,868.0
0.938226009347524,-0.050815707738795776,1,884.0
0.9674269265575306,0.102908523728971,1,908.0
1.939151729433872,-0.5332070052539915,1,996.0
0.43602651779406393,-0.4184539300541426,1,879.0
0.1470019009167821,-0.2532330184297991,2,836.0
-0.8096382255950991,-0.1325269511878999,0,684.0
1.587360849525535,0.038746032188686844,1,582.0
-1.4426862417262023,1.259425295341796,2,508.0
0.004758437168000008,-0.4425773918721311,2,830.0
0.22139410657109806,-0.7726066033560628,1,855.0
1.1929482863340573,0.6068652656735424,2,865.0
0.6686749243793325,-1.1949297870012097,1,940.0
0.7152661661511645,-0.40543194564116036,1,900.0
0.007375568430027402,-0.4700853321966686,0,800.0
1.8699372552321156,0.7401558089388957,2,1115.0
1.5477824492805399,0.2681096588994917,1,940.0
3.3158214177181646,-0.9929405966565857,1,1290.0
1.648505229489852,0.1673038616242977,1,970.0
0.5955985280694006,1.1498046221779845,2,760.0
0.7354809360844741,1.1297560906122701,2,845.0
1.9422401109774574,0.6351378392221992,1,990.0
-0.6706202436079111,-0.48310059319897536,0,720.0
-0.733769897971098,0.18149030066950092,0,650.0
1.2293212341610487,0.6546959210332967,2,861.0
2.820284395699009,-0.16229921166421862,1,1105.0
7.377094153766475,-0.9737448482706034,1,1110.0
1.9888797475584503,0.08641585955373964,1,1060.0
0.6820311644362325,0.011814144773676302,2,875.0
0.18181925891385475,0.15713851617365554,2,810.0
1.74274851833187,0.025898925463957757,1,975.0
1.8004995636510486,-0.2270925931392677,1,1060.0
0.9614589469329721,1.0973679772823561,2,945.0
1.016007243048124,0.8592304546346253,2,840.0
1.2174528034667478,0.6576188600842375,2,900.0
2.4733765344303134,-1.321237130506161,1,1170.0
2.330361956255186,-0.4099089681558043,1,1030.0
2.518749427051151,-0.5299075832839649,1,1090.0
0.6512806612855299,0.2448837812671571,2,835.0
1.4261205790502107,1.0883505876103405,2,1100.0
0.7006412135967074,1.1923293234997148,2,920.0
0.7975676065520348,1.1784374276116605,2,870.0
1.7202856670002855,0.3552313189542565,1,840.0
-0.23180077201303048,0.248524371386891,2,760.0
3.1955116753898913,1.007493632436962,1,920.0
0.9614589469329721,1.0973679772823561,2,900.0
2.131887038845014,-0.391405234975449,1,940.0
1.632351471435044,-0.4859209356084977,1,860.0
-0.364681131753421,1.5227266116430227,2,760.0
0.7648336645049217,0.4412191843772821,2,990.0
2.547843536193484,-1.3097484713196197,1,900.0
0.18180745828092137,0.8735742609971167,2,940.0
0.49709816700677395,1.2790818221468592,2,790.0
0.3193322692445391,-0.5131391838819087,2,760.0
0.5129520802513196,1.2784666599832692,2,900.0
1.2176133232375685,0.4305905948735261,1,1000.0
1.2212193174625154,0.5856545455486537,2,845.96
-0.5517763066633079,1.2090339860878627,2,660.0
-0.7532090590682172,0.21306633161089097,0,690.0
-0.04663353601488799,-0.3455277181764906,2,860.0
1.2498797137787891,0.8085520765653795,2,845.96
0.07799336683400238,2.253799057642432,2,730.0
0.17986884372857026,1.6683705173011985,2,800.0
-0.7223087117873003,1.455509401329322,2,840.0
2.4251276171079525,-1.3464259969801082,1,970.0
2.461790258721309,-0.21168308492898222,1,910.0
-0.27091005434957904,1.1687790605031607,2,700.0
0.7094530704750758,1.3654630328837674,2,970.0
0.7896669671258392,0.783139120790243,2,880.0
0.5045439629770414,0.48349625357641085,2,870.0
1.8005588441606848,-0.7962713235527227,1,1000.0
0.15209173156728287,1.1048385020373295,2,760.0
0.22888154090737514,-0.3290929197032443,2,900.0
0.497498674408648,-0.3709064243019284,2,1000.0
-0.41311133286677026,-0.29465967505422025,0,750.0
1.3850106001606743,-0.7826934612336509,1,1000.0
2.1844859271556625,0.4005457393004649,1,830.0
0.4284423386064514,1.4633185240778037,2,850.0
2.597630834827698,-1.2593043369253436,1,950.0
1.0569826848039712,0.7365408796448486,2,780.0
-0.5834495537377358,1.5507672426177916,2,590.0
0.03832275481656683,1.5751548651459066,2,680.0
1.0597876283629233,1.256014674133516,2,930.0
-0.6950873157334265,0.6604036850088214,2,740.0
-0.15160706271286584,0.29295344490727687,2,760.0
-0.8254700485103315,0.22508016570916828,0,680.0
0.886124608782418,0.2527527715069639,2,840.0
0.7858272471298228,0.2654707217548435,2,810.0
0.9706903987347099,-1.529429372427008,1,820.0
2.8532845642983355,-0.09505411105740981,1,1100.0
0.5569881268034007,-0.09153341036753306,2,770.0
-0.7691206046705377,-0.3538233932301005,0,660.0
-0.7560552281593155,-0.8689434404734956,0,700.0
-1.662586261027066,-2.0467814914489435,0,730.0
-0.8293830744703486,-0.516268811719196,0,810.0
-2.149385785736797,-1.2877101368788983,0,660.0
-0.22456867852849569,2.131052288282334,2,730.0
0.7896669671258392,0.783139120790243,2,840.0
0.85381386047059,-2.0818483723846097,1,750.0
1.8922945814953636,-0.9805017605935394,1,840.0
0.6255327735213345,1.4334136119418812,2,1000.0
0.4014567830489612,1.2927895451727611,2,710.0
2.0020582564121123,0.2013438639242437,1,890.0
3.3385067069854983,0.06737834248637803,1,920.0
-0.24204663118817668,0.4161040774766181,2,520.0
-0.014016022613938032,2.0350097082800613,2,360.0
1.3813989106129483,0.2902993563437717,1,780.0
1.6156998396904672,0.5413034846165958,1,710.0
1.4313150151958296,0.6269672337403304,1,830.0
2.121692532519862,0.296042921736129,1,840.0
1.3552735045180304,1.020451856670729,2,845.96
0.4850573220032196,0.3678152701077946,2,780.0
0.4057119508336774,-0.5321478288727232,1,810.0
3.6022810578758473,-1.003550173907432,1,960.0
0.4046458271841612,0.1573061838037783,2,870.0
-0.40300745426370727,0.2747195158708902,2,730.0
0.4179088018636784,0.4350191349579238,2,700.0
-0.3101789415244875,0.8305851793916263,2,720.0
1.4185155448512823,0.7998841949632247,2,850.0
0.6135014225799776,-0.23526582026954942,2,845.96
-0.23432017037746483,0.41996794971256707,2,680.0
1.76656617826138,-0.2781518896971339,1,770.0
0.00023062465080290245,0.4981966915662672,2,790.0
0.3161868320127478,0.3969897556852363,2,880.0
-0.645155537544318,0.653247253793763,2,680.0
1.1669324955189706,-0.7038002591027986,1,760.0
1.3184437787656773,-1.5776137538436317,1,880.0
-1.5396444438663548,-0.9244044715708956,0,690.0
-0.3811190610122635,-0.12816245359777548,0,730.0
0.03743373947655585,0.20827946856156446,2,750.0
3.258292810334735,0.6497022545799026,1,910.0
1.8879394559916227,-0.8087950781790744,1,940.0
0.5563197625747967,-0.43857385375250224,1,840.0
0.2546591739563228,-0.5664210845658573,1,750.0
-0.37854166368035225,0.44229546409136944,2,700.0
-0.7106823355384779,-0.07761389325129951,0,690.0
1.7290551985174027,-0.5573607762881283,1,1000.0
3.1932572650760878,-1.5207257557475764,1,930.0
1.9637982271386454,-1.2194123078581336,1,850.0
0.17394766012937396,-0.9667855432199001,0,845.96
-0.3540445258845451,-0.07777720491138486,0,630.0
-0.6889067080197743,-0.9361473053236249,0,780.0
4.568943437324988,-2.4631188323096693,1,900.0
2.0417178902807516,-0.8933863654289023,1,650.0
1.1126430928433129,-1.2042954768787788,1,850.0
-0.027846973091824236,-0.06363516987984967,2,960.0
0.878407908679852,0.03182476328690741,2,1300.0
1.5040123729966453,-2.005612141032262,1,900.0
2.96821443955533,-2.96897712049171,1,1000.0
1.3098952649696662,0.5292099036083661,1,790.0
1.3534465200070733,-1.1878569205362843,1,820.0
-0.19147240730608625,-0.32476880557104615,0,930.0
-0.17730272891876908,0.013708225148028011,2,710.0
0.05970117123711584,0.09324246468629702,2,890.0
0.11509524239857061,1.6217313694349857,2,660.0
3.070482065480921,-0.9882245509946105,1,900.0
2.0822183012300717,-1.5802068301966348,1,900.0
4.250338110717479,-0.9912152256667287,1,1100.0
2.663235819139933,-0.41329467947937004,1,1000.0
2.318782967434745,0.26613800960020656,1,910.0
3.4863214682489216,-0.0706238904709128,1,970.0
2.643003727448536,-0.4679747897031475,1,970.0
0.504477303130521,0.4818487205764164,2,880.0
-1.164547756948482,-0.410651749905887,0,690.0
-0.7337170535190741,1.8618605869007532,2,660.0
-0.5689341347138065,0.5255060802992394,2,800.0
1.3030063490374242,-0.09489575346815181,1,960.0
0.5717106557056184,0.7518264115201679,2,790.0
0.49477514936998396,0.25291984103629706,2,840.0
-1.2488031188982287,-0.6815039492327698,0,700.0
0.6981102887607177,1.2502719244244744,2,850.0
1.4398371797450078,0.5665088563225728,1,820.0
-0.10534673880236871,0.2863232218697965,2,740.0
1.6951448660708446,-0.3814181180441619,1,840.0
0.9256787745058962,0.7415152812445833,2,845.96
0.03337495241948536,0.8356112831708101,2,740.0
-0.17171772779247893,-0.046329185727667525,2,740.0
2.0793301092859138,-0.27202701363516457,1,800.0
2.1101114113263106,0.46712817709687626,1,910.0
2.166012291217955,-1.2550228208515277,1,750.0
-0.261211132791253,0.3695563906172976,2,1000.0
-1.3333951939958422,-0.15447530952661304,0,710.0
-1.7217432115101312,0.6348087258582095,0,740.0
-3.872328105097977,-1.3220417831439328,0,600.0
-0.6554631762119111,0.7106473588914418,2,680.0
-0.7854050909872529,0.6733484061772353,2,820.0
-0.47445633314172475,0.227380009724323,2,780.0
-0.7597106422220002,-1.0378449318972947,0,920.0
-0.3158017542676558,-0.4780318913614092,0,880.0
-0.9032818262737708,0.46323773387565026,0,690.0
0.40889806527485595,0.7801326536046062,2,845.96
-1.6235285132535695,-1.6526345777280693,0,810.0
-3.406725923077676,-1.2785853790687505,0,570.0
-0.037420687513396424,-0.18073691542792603,2,670.0
-0.7367311217178778,0.43605281661362894,2,750.0
-1.0499592902967858,-0.3694951898458591,0,790.0
0.03349924462377953,1.4047637031753861,2,710.0
0.26301252446533757,0.5147993752521626,2,790.0
0.6433719555272095,-0.5678673413708804,1,760.0
0.021747725339714388,0.5526926289278923,2,770.0
-0.3096166969111419,0.9440072255659061,2,740.0
1.3194983759436383,-2.3805687439210494,1,820.0
-0.4230201122843478,-0.7505641989872933,0,800.0
0.6102366552472727,-1.4711392869800104,1,840.0
-1.3029978108186362,0.4053669836040836,0,600.0
-0.7309439445774101,-2.415599057128875,0,680.0
-3.083063324644069,0.7180732737031379,0,690.0
-0.4547909998080464,0.4515667507761143,2,660.0
1.2730116056352039,-1.7997645706523728,1,970.0
-0.5580988308475322,0.24102508917309146,2,660.0
-2.151428505142845,-1.6888192861933027,0,660.0
-2.9946731216922866,-0.02821955357357787,0,470.0
-1.4310373386081536,0.3694524598010827,0,620.0
-2.0049346138337603,-0.8560600520629144,0,650.0
-1.258692992507368,-0.4530812323514772,0,770.0
-0.7804284403605293,0.04588503952359501,0,740.0
0.7347742119162343,1.0739346100473246,2,870.0
-0.4399981481458865,-0.8023965201620229,0,950.0
-1.447877056811032,1.6796318674373485,2,650.0
0.3288529826642562,0.22077772846235294,2,800.0
-0.6252473509870734,0.3082289540232207,2,760.0
0.5590890268899807,-0.7827928184973024,1,760.0
0.7713714752252303,0.8959497626701804,2,890.0
1.4218544331166982,1.1399135398061533,2,880.0
-0.617267243700643,-0.492404455182727,0,660.0
-2.7211069042517706,-0.6415697026254416,0,600.0
-2.587333015426998,-0.8318252232995242,0,870.0
-1.1165961854535726,-0.35994451142282197,0,690.0
-0.33865485019437264,-0.8778154974724938,0,770.0
-0.12294538485443059,-0.7952292505042734,0,760.0
-1.0185177365840707,-0.2029190371627778,0,800.0
0.2415794053810337,-1.0185569551391211,1,860.0
-0.14317710993612662,-0.6755127517178113,0,860.0
0.8448175159458334,-0.7694789359212681,1,800.0
0.29396678768056916,-0.3450495572641072,2,770.0
0.16648822296223814,1.0435381915354476,2,780.0
-1.2154932733931048,0.7875990399720681,0,800.0
-1.0749943382206704,-1.0469228386438276,0,840.0
0.018152506719125456,-1.6708644283478773,0,820.0
-1.7716210737649252,-1.4603268451614333,0,650.0
-0.38816563112281477,0.32851509495216086,2,690.0
-2.059412102967722,-1.0736002824277222,0,650.0
-3.845331389678632,-1.212408435848214,0,550.0
-3.845331389678632,-1.212408435848214,0,450.0
-0.4869985581986373,0.7983478479415423,2,650.0
0.17878601074523318,-1.1230597727034568,1,1000.0
-0.9697453936460224,-0.9518191019393836,0,760.0
-0.5003907054365234,0.060014544774874834,0,720.0
-1.888347767898829,-0.5372331389071233,0,740.0
-0.9983827370191868,-0.9477146781542767,0,670.0
-1.6779022641435353,-0.8486660114846303,0,720.0
-3.2941221768645503,-0.8966364723083063,0,590.0
-1.4916265791346273,-1.0464463090980756,0,740.0
-0.17724999456286228,-1.143455685836416,0,845.96
-2.5926101516350624,-0.20266170282813165,0,610.0
-3.8050668192256967,-0.9335942053904027,0,490.0
-5.166513605935192,-0.6315916781524932,0,570.0
-0.8590004275153126,-0.7966090458919828,0,650.0
-0.6778725244430446,-1.7388755244805079,0,730.0
-1.8758689704862235,-0.08169696069835479,0,590.0
-2.0432622178862068,-0.7929869214067709,0,660.0
-3.4833378908888584,-1.5521901485685414,0,560.0
-0.5401004106129964,-0.6762039029221061,0,750.0
-1.038960967676881,-0.20164611477721547,0,760.0
-3.9660736305758992,-0.061733945796735544,0,620.0
-3.1939581349049937,-0.9126494885561748,0,590.0
-1.1270165898539046,-0.758195848928803,0,690.0
-0.8859971429346574,-0.9062423931877023,0,730.0
-0.8529816211146429,-0.8550515445854413,0,770.0
-2.890062226677799,-0.9495767728418809,0,660.0
-1.104042433925105,-0.8174113722391251,0,670.0
-1.6531039075469858,-1.0216456162846574,0,780.0
0.45692947123969957,-0.19069521492945407,2,1100.0
-0.2898764094616015,0.25519092759262585,2,660.0
0.011072941244259645,0.6101453548433289,2,670.0
-0.9578333545911363,-0.32677629290260113,0,720.0
-2.3627547940703155,-0.357393597963149,0,700.0
0.5560938644996167,-1.5242733479700612,1,690.0
-0.19796124654766345,0.5282594661554632,2,780.0
-2.419363615570851,-0.6815026384134693,0,630.0
-1.6322157113179403,-1.0822192580973067,0,720.0
-1.13703490280201,-0.6416002660395531,0,770.0
-0.2552589862371027,0.3094663589238444,2,840.0
0.05169975912318853,-0.835761833505643,0,845.96
-0.8031408372573244,0.22022276282594908,0,720.0
-3.355783702936774,-0.20346893411063316,0,530.0
-1.0584657812397382,-0.652861121039718,0,720.0
-2.644866595612821,-0.08498363530559967,0,660.0
-0.4316015573431624,-0.12092709115608069,0,770.0
-2.6004922518625206,-0.08802937784542327,0,460.0
0.002403431547676586,-0.12555064254532178,2,880.0
-0.23645638309811226,0.42193120761910835,2,910.0
-0.26159755063725376,-0.4891148383895499,0,820.0
1.6383751581897885,-0.6528955022940105,1,1100.0
-0.27661270156268164,0.8816970967672505,2,730.0
1.4081432610987332,-0.1066502413468879,1,850.0
-0.29098900560703805,0.3162444216552225,2,860.0
-0.30360490323765343,0.48913507246923754,2,870.0
-0.22035260390281675,0.24854065903639425,2,930.0
-0.10343697247965997,0.8585339141944514,2,750.0
2.108414799166577,-1.1233225562449152,1,1300.0
1.7098788038330703,-0.8918060495586048,1,1200.0
1.5449708596041059,-0.47339718098214595,1,1000.0
-0.9287276265289255,0.011217127697277542,0,680.0
3.156660368376793,-1.168344299360193,1,1300.0
0.8478224390443444,-0.24506254243261705,2,950.0
0.06519682618347708,-0.021047824980985976,2,900.0
-0.39297724823434593,0.44602151939279633,2,940.0
-0.15755920926701622,0.3530434766007301,2,940.0
-0.41820941010527635,0.6174062120105868,2,760.0
0.07270726723870202,0.14730114785635667,2,840.0
0.3796289518493138,-0.18458744220030388,2,840.0
1.6208296307511285,-0.8840144106612053,1,900.0
-0.24081150860185294,0.5936378900335733,2,950.0
0.7104508684784155,-0.02215576135577113,2,845.96
1.6233588256859528,1.663044524113047,2,845.96
0.055250537657213675,1.6303085627295042,2,820.0
1.0361781035698325,-0.8561424805824007,1,910.0
-1.5228726670521564,-0.9251511857788801,0,740.0
-0.1313683425517819,-1.2635342654570547,0,845.96
-0.3856907545942487,1.8679027738668381,2,640.0
0.15342284645101606,1.5586582387788426,2,790.0
-0.6346877457156058,0.19442227447513327,0,700.0
-0.09655092213992968,0.6288846308552265,2,820.0
-0.16369944227947086,0.6960884957053557,2,740.0
-0.4701559744032486,0.3419233807210195,2,770.0
0.38769047765602976,0.15807920842064196,2,960.0
-1.9009607999369331,0.48941245232263475,0,830.0
0.29918537659840055,-0.05624112930156578,2,920.0
0.6019338602673393,0.9202342700653963,2,780.0
0.19570549931653725,-0.15325550309479316,2,1000.0
0.7814061949989644,0.7843230891897931,2,910.0
1.8338236836086914,0.742017583079169,1,1200.0
1.902673393753846,-1.3191830096935169,1,1300.0
0.10681879666546969,1.9667396464461528,2,720.0
0.07432319409755136,0.943245039391734,2,1000.0
0.6189735580097778,-0.38500253857088607,2,1100.0
0.5548367246977765,1.8958994959639246,2,790.0
2.764360416640091,0.8306831658650448,1,1300.0
0.20760851088268034,1.037644659946576,2,820.0
0.0828758550282334,-1.6209039040727968,0,1000.0
1.657551552874121,-0.3184502290235342,1,920.0
1.783138342145722,-0.10944459389486241,1,910.0
2.953452450884372,-4.044307806590105,1,1300.0
-4.324508807429503,-0.3525264928678851,0,610.0
0.08190194315115794,-0.023442072188965206,2,930.0
-0.04235373123671003,0.22137202942387615,2,810.0
-0.1218131496811529,0.17683771426797482,2,670.0
0.28454853096268756,1.2536225534281533,2,810.0
0.2144830347508567,0.6944943992064346,2,800.0
1.2092875394160358,-0.7065565871449547,1,880.0
0.05654585568563168,-0.24681319056551076,2,920.0
0.3592293276599136,-0.4086689416165796,2,990.0
1.0249372943360608,-0.2803899058184709,1,1000.0
-0.8615791063893843,-0.05598673715285164,0,750.0
0.3239401262915401,-0.0038663122997548986,2,930.0
0.628944116919801,0.18108158635423538,2,840.0
0.7564486001737529,-0.12674926722774382,1,950.0
-0.30602757608527703,1.2856577929999506,2,760.0
0.6146411188394455,-0.160690510364828,2,840.0
0.9578051810221484,-0.20821713155947932,1,1100.0
1.2469401331223955,-1.3387032065790374,1,940.0
-0.47451109990698925,0.5136300631354844,2,790.0
0.6310223306729728,-0.562783167567127,1,910.0
0.9515765167622245,-1.4049018266849567,1,1100.0
0.5607184949819474,-0.8356349579688054,1,960.0
-0.602409562056882,1.2262334777561616,2,1000.0
-0.18590096506070775,-1.3692210514209406,0,845.96
-0.35327943613912893,0.8943423806786212,2,720.0
1.8398088255271547,-1.1424046832555537,1,960.0
1.763950054380132,-0.7317874535764946,1,870.0
2.663235819139933,-0.41329467947937004,1,910.0
0.28741202181187425,0.8551243994828869,2,820.0
0.9738615727890638,0.47546863668241734,2,850.0
0.20315665986212744,0.5842722001560041,2,860.0
0.995850472082291,0.06594391439601571,1,960.0
2.6955433352495484,0.8931549149862213,1,910.0
2.718987524019253,0.039353618642848684,1,1100.0
0.009936925546011976,0.2698002850938534,2,780.0
2.467813945476051,-0.3786576516144945,1,1100.0
-0.8178506222473377,1.4808024761729432,2,880.0
0.5966234261867692,-0.10218536809423578,2,830.0
1.7221224939686925,0.8781580418961866,2,1100.0
1.599113283742061,-0.594659729002335,1,920.0
1.9802287770606049,-0.13934950603078514,1,880.0
0.8565072557374527,-0.027587462665822588,1,920.0
0.7004345879396666,0.9653536791067611,2,980.0
-0.7709460868804492,1.0710209146878806,2,760.0
-1.19212367212956,1.0211973916640067,2,680.0
0.026525129646280617,0.26907988129474775,2,890.0
0.1278066481053462,0.08348130299222885,2,920.0
0.2957279273137129,0.7420869866824151,2,840.0
2.6887971331087894,-0.11911642108465478,1,810.0
0.2502797139673125,0.689363869475051,2,810.0
0.09705577834494546,0.1421543304754696,2,810.0
0.03949499808134128,1.1193192496800948,2,720.0
-3.3975642425295343,0.3750036355271976,0,490.0
-2.489335800181139,0.19056685360286127,0,845.96
-2.12609425317978,0.2979884352151897,0,540.0
-0.4406213214207305,0.7900437814951886,2,620.0
0.9436120189805116,2.3534260581714292,2,870.0
1.6785589792403286,2.1329306706194417,2,1000.0
0.673236611438604,2.161857959239334,2,780.0
1.6836361359088343,1.4988245511480656,2,960.0
1.7999157860434332,4.898837356990693,2,760.0
-0.1500574290908348,1.2616464124528992,2,740.0
-0.29875096076487395,1.4573544526550402,2,990.0
0.016592015743432144,0.897253628988118,2,845.96
0.24279232585519675,0.748016851439541,2,890.0
0.6239078191737408,1.2033270744110909,2,830.0
0.23408207484771537,1.0914302162684713,2,860.0
1.7312850894492926,1.046270221053619,2,960.0
0.7770074625918137,1.1813841934060962,2,850.0
0.4002470947770105,0.5543672880200814,2,970.0
0.286060719577541,1.0280576483552843,2,910.0
0.49054468268023804,1.1681755524655777,2,830.0
0.6802415894073071,0.9682478240834389,2,930.0
1.7029244454949586,0.47287931819866186,1,990.0
1.2967751216931807,1.3305800042629226,2,910.0
-0.672580693662722,2.075132266137053,2,720.0
-0.10164613378592394,2.394705458335776,2,760.0
0.01613350937408112,1.805340379422085,2,810.0
-0.4797131481772102,0.36849073855680015,2,770.0
0.5113271259037258,1.048380122452479,2,950.0
-0.5497919528344378,0.6938450303772065,2,820.0
0.010362069941349144,1.0116491602909163,2,840.0
-0.45111216619255307,1.0218668060119858,2,780.0
0.2383779198418201,1.488902264267461,2,920.0
0.47559710653379045,1.055158185183857,2,930.0
0.23479091374126942,-0.18098744675239892,2,845.96
-0.11459331588757475,1.5970714357420221,2,760.0
0.1712293997022789,1.5561061291175902,2,860.0
0.3461046706390554,0.6756298360402703,2,930.0
0.015432580492373211,0.15550999542657037,2,920.0
0.33138549155059716,2.3276702943816114,2,760.0
-0.5174844367248222,2.0002946248427973,2,820.0
0.500512375997751,0.8805047369749563,2,930.0
-0.09736468085588619,1.8249215885181072,2,840.0
0.39445058763960616,0.49596112249487717,2,890.0
0.17967374454308377,1.5548958503091612,2,850.0
0.02959811174501825,0.9513123121581777,2,960.0
-0.4000838320739347,1.1230845803357081,2,960.0
0.0016518189338677383,1.3550625251198467,2,920.0
0.25848858492143445,1.8281848949024053,2,890.0
-0.2254741006941341,0.7592079822891291,2,820.0
0.1560595242925633,1.5599374260545324,2,830.0
-0.9239860831791842,0.6981816742896598,2,860.0
-1.0846384930137316,-0.5339502221691259,0,910.0
0.22756316993584522,1.3210268787899382,2,920.0
-0.1550624972359904,0.12899455248346098,2,820.0
-0.20144174877546026,1.0995856273376114,2,860.0
-0.4567045466557264,0.511077953474232,2,880.0
0.3971407507042576,1.5220704827876819,2,970.0
-0.2747839871505589,0.48500433827525186,2,980.0
-0.45400608932173214,0.6225367417419704,2,780.0
0.4957077716134036,1.3944408158188013,2,920.0
1.1677674773131184,1.2981184089131843,2,1100.0
-0.042413011746346055,0.7905507598373309,2,880.0
-0.9344472288904145,1.3790396990012597,2,840.0
-0.6963694591384283,1.5143427982867164,2,790.0
-0.5346678167012425,0.41040643284683875,2,890.0
-1.2154932733931048,0.7875990399720681,0,1000.0
-0.8805027695304564,0.2905475435732907,0,920.0
-0.2805212137783259,-0.1425805576634074,0,920.0
-0.9822494404763573,1.1621998269168068,2,830.0
-1.1191748643276442,0.380677797316309,0,800.0
-0.9808273312608343,0.5335888250318709,0,870.0
-0.8028403516759834,0.21852260900819687,0,1000.0
-0.26832436274832483,0.8245864061672395,2,900.0
-0.3607351104290894,0.43974335443011703,2,920.0
-0.956056907961466,0.24213933342206465,0,820.0
-0.9805226985448212,0.0745633852015855,0,820.0
-0.35665327042890843,0.03941349462270372,2,800.0
0.6647020695869202,0.29277341043263605,2,830.0
-1.0900213822273528,0.0359915101018165,0,750.0
-0.19179759398239887,0.5866130108629097,2,850.0
-0.010545032096134698,0.3878955612892,2,900.0
0.06835214173496129,0.31900783027082175,2,900.0
-0.846794915606268,-0.5696960450761624,0,870.0
-1.798501791249317,-0.08615720042751047,0,740.0
2.591947698439416,6.089771726697701,2,800.0
-0.7367311217178778,0.43605281661362894,2,850.0
-0.728785227236411,-0.530686915784828,0,880.0
-1.433141837506647,-0.14183629050537003,0,780.0
-2.383359944087654,-0.2852609147416594,0,660.0
-0.6721567667080354,0.8265425835003372,2,740.0
-0.5732892602175473,0.6972127627137045,2,820.0
0.1930050272209824,0.6975727170452649,2,970.0
-0.7073693658086858,-0.818341443625946,0,950.0
-0.14868843848871383,-0.21739815343891158,2,980.0
0.5323886499173065,-0.436801033598241,1,1000.0
1.1164165196025093,-0.513878001833134,1,930.0
-0.6231485832736033,-0.8879921765018121,0,920.0
0.3691883600983829,0.04391420590762546,2,1000.0
-0.32147360259106406,0.20711097212820206,2,830.0
0.05964189072747984,0.6624211950997518,2,880.0
0.36186021021492776,1.1866191490896798,2,940.0
-1.0427522004154137,-1.053201003606507,0,890.0
0.46006264878053404,-1.5631183499179946,1,910.0
-1.9129877370976693,-1.0962435217130708,0,730.0
-0.4967884099872434,-0.6215175278082006,0,920.0
0.12963249692495976,-1.1669663959155128,0,1300.0
1.140383126607125,-1.660624725223162,1,1100.0
0.11449315375898905,-0.7312590159413072,0,845.96
0.20264918201404378,0.18460010057056325,2,860.0
0.23495143351209039,-0.40801571196311043,2,845.96
0.4284601269379917,-0.20874492811962814,2,845.96
1.1682104917893028,-1.1004140863681608,1,860.0
0.9021468877081222,0.40438008137833253,2,845.96
0.8053439537739351,1.0045833144285021,2,970.0
0.8473125798249995,0.14315575737949884,1,1000.0
0.5487302202690375,0.7634054984477597,2,900.0
0.17382826592694928,0.1887308347645489,2,1000.0
0.6596234464796104,0.2292930938630537,2,900.0
-0.011861754915802136,0.9013317423643461,2,840.0
1.123277135627868,-0.1826388405766345,1,845.96
1.1753772069694775,-0.5306139289009882,1,920.0
0.4040947424326676,-0.01701149397982448,2,880.0
-0.8574668341092097,0.3415116212550169,0,790.0
-1.5377181531064703,1.1200238609656819,0,690.0
-0.13309341868366248,0.5206194248212095,2,900.0
0.13550066187450255,0.2518039654206925,2,1000.0
0.6396733011708182,-0.33701780198260217,1,900.0
0.3728354798917235,1.127466269356491,2,930.0
0.17078986324287598,-0.1529986638961322,2,850.0
-0.008880069657044113,-0.8099204814180698,0,850.0
-0.29053952672643124,-0.025984974774157583,2,880.0
-0.6102017677816532,-0.26475476291829747,0,770.0
0.6264474048887752,0.4051305104715044,2,830.0
0.40774186222600944,1.0665405694690409,2,860.0
-0.6362139597848255,-0.37287212925841695,0,910.0
0.12992553906790663,1.5620259711153406,2,780.0
-0.2073485226627924,1.2648863506142505,2,790.0
1.5859886267212029,0.489639048654515,1,1000.0
0.6341837440191798,1.659178977526406,2,850.0
2.0498290566840924,4.407351137493986,2,810.0
1.5781686725958912,0.8888475836395116,1,960.0
1.1042233849959686,1.1887519235755013,2,940.0
-0.37895491499443346,-0.011655824694537941,2,950.0
2.5523236871209214,-0.5635095157090295,1,1100.0
1.315626760412411,-0.5507150812844602,1,1000.0
-0.30680455891194913,0.025640620998788662,2,890.0
-0.2277461320906308,0.07851784279017822,2,860.0
0.03098149441120628,0.439523664083026,2,900.0
-0.18232963256638313,0.644492968210536,2,900.0
1.0543672941421247,0.6316985337859671,2,1100.0
0.6321628601155933,-0.5053667748199449,1,940.0
0.5134608396415622,0.36705853314043463,2,890.0
0.22416500116079496,1.550176264360464,2,870.0
-0.7894694916177983,1.0604190707580556,2,840.0
0.06399701623122055,0.49071451268528676,2,890.0
0.3163704047266792,0.3969634452763573,2,950.0
1.952342131368791,-0.13038141447233148,1,1100.0
-5.050402823350796,-0.8586675501392025,0,360.0
-2.834308756035068,-0.16636336133463858,0,590.0
-0.8600352039523766,-0.7948036504387149,0,840.0
-0.4509590257586153,0.22401227738782506,2,740.0
-1.4727775034997164,-0.3055809417889069,0,650.0
-0.5003907054365234,0.060014544774874834,0,770.0
-2.747760808728525,0.3328226008875246,0,710.0
1.724416542580706,-2.0388584750958034,1,900.0
0.23843720035145602,0.9197235338540062,2,820.0
-1.028868615545372,0.2542320987469786,0,780.0
-0.7602745349872069,-0.014583360653538355,0,820.0
0.09132757920592144,-1.0512879194677762,0,890.0
-0.6255305148103287,-1.1705788181886798,0,860.0
-1.6748984408741279,-0.8474394450266979,0,800.0
-0.5804004754130572,0.18995576985584975,2,860.0
0.522231204341835,-0.5626924792594902,1,845.96
1.205318098538893,-0.024971893744121253,1,810.0
-4.275233133778042,-0.24442917204651693,0,570.0
-1.6071757830399835,-0.5133236772913917,0,680.0
-0.1772730475059728,-1.3704576406382483,0,845.96
-1.2366293208113368,0.0586610597960445,0,770.0
-0.8424484509815707,-0.0011487644758008525,0,750.0
1.6777836445655174,-0.2637701187997566,1,880.0
2.8821018815735195,-1.3017330036876178,1,940.0
1.0447404611071518,-0.3358367757689842,1,1100.0
0.49585676491266795,1.0539115732071738,2,900.0
1.883584330487882,-0.6370883957646094,1,970.0
-0.8859274357825696,-1.8851099732309593,0,890.0
0.21626564327675965,-0.1562022688892291,2,920.0
-1.4029186329449261,0.026571568039858197,0,650.0
0.5896208295893274,0.3035343676641023,2,1100.0
0.49585676491266795,1.0539115732071738,2,950.0
1.9156675966741774,-1.553021912934613,1,930.0
2.064851651047913,0.3058466814885796,1,990.0
0.40231121897430616,2.3191620095543546,2,780.0
-1.9907896365414146,0.39209864127236366,0,790.0
0.0693683789732864,-0.19272819698657204,2,910.0
0.9074581367573967,0.3072750192774682,2,920.0
0.15904369088633638,-1.305157332303459,0,845.96
-0.39116042690347935,-0.2385688255103581,0,750.0
-1.070535107863233,-0.022724115439806705,0,810.0
-4.006512379644321,-0.7319826108400148,0,550.0
-1.139749400351931,-0.5836313547059143,0,810.0
0.3507400943735384,1.1289759854219632,2,820.0
0.055903776602350484,0.6612998702773348,2,820.0
0.3956433848646803,-0.41223086957460525,2,800.0
1.0601573368751043,-1.3661983995407934,1,920.0
-0.1522339524111688,-0.7844031426747943,0,850.0
0.6383552968089904,1.48749860552082,2,890.0
2.4164173661004713,-1.0030126321511783,1,880.0
3.3363895817863467,-1.0806012122517097,1,1700.0
0.48801503938640883,-0.08496207303793835,2,1000.0
1.6749720548890836,-1.0052769586813943,1,1000.0
1.885127866315189,-1.5503019180607123,1,990.0
0.546901505856915,1.1600982569397582,2,910.0
3.5247697656937484,-0.7670927595587024,1,1200.0
1.3976677233234374,-0.39304813445194725,1,920.0
0.18548757343857505,0.13279408980471252,2,1100.0
0.6355255345435183,0.410457742845296,2,1100.0
0.6832799920913805,1.30997732274412,2,910.0
-0.024867850917388315,0.8472730591942864,2,950.0
-0.38502885477006826,0.15864011839984252,2,780.0
0.04783560467815022,0.09660017426341937,2,900.0
-0.6346877457156058,0.19442227447513327,0,800.0
0.47043401760062503,0.8288929218306333,2,1000.0
-1.3995060721058088,0.764678100285991,0,740.0
0.47478914310436576,0.6571862394161683,2,980.0
0.13093891071372118,0.19653500344220387,2,860.0
0.28760876914922073,-0.1680845509431119,2,940.0
1.2041470550669744,0.5881014135743905,2,845.96
0.17657770950123544,0.6456614646438987,2,860.0
-0.7018362658551471,0.2616261393252626,0,810.0
-0.3731632882111026,0.15528240882272018,2,800.0
1.7729915257571407,3.1968426392643994,2,840.0
0.6876351175951212,1.138270640329655,2,890.0
-0.43258284855712237,0.9057084773143016,2,760.0
2.9788713535699367,0.11395152407126193,1,1500.0
3.284435823048136,0.08175635551450762,1,1200.0
2.46345881997231,-0.20695096920002945,1,1300.0
1.8223344716793886,-1.654804735625048,1,960.0
0.24372622964077667,0.5784575997937695,2,940.0
-0.011802474406166122,0.3321530119508913,2,960.0
0.364957893408637,0.9591699173369062,2,920.0
0.5793684242604533,-0.11687110681715979,2,845.96
0.37912757179595424,1.2976469480559802,2,890.0
0.5829554303610038,1.5530186042027,2,930.0
0.9506256578282581,0.41956196000070767,2,1100.0
0.4586853639090703,0.8305767879988822,2,1000.0
0.548982951812298,1.4443850524443786,2,880.0
0.7445603472813788,-0.17599690344221447,2,1100.0
0.48260255107594674,-0.33000747613981707,2,845.96
0.8599708028168647,1.0559909111919215,2,920.0
1.139956700669626,-1.0913933739919492,1,1100.0
-0.19104726291074772,0.41708006962601685,2,840.0
-0.20915881548772577,0.7042610101073151,2,980.0
0.4980551237354631,1.3365245253029203,2,940.0
4.491739892449567,-3.1247840391683024,1,1500.0
0.6262407792317345,0.1781548660785508,2,990.0
-0.2181744324306218,1.1579065967460511,2,810.0
0.3108747497803179,0.5112537349436402,2,880.0
0.9025942518634147,1.390389828534768,2,870.0
0.7108098013862387,-0.5758757284294387,1,940.0
-0.11253778846781418,0.8006013360290671,2,710.0
-0.5961144228470826,0.415899043412399,2,820.0
-2.039612965719756,0.7955268644373582,0,850.0
-0.32354803581926445,0.3192538310267916,2,670.0
1.5232545125950383,-0.18404249932327568,1,880.0
1.3637840426319028,1.2124446370300737,2,1100.0
0.43210641354817825,0.891966052486777,2,1000.0
2.5175419636006295,0.24096521319323633,1,1200.0
1.8939631427463646,-0.9757696448645867,1,1300.0
-0.3431166436361294,0.7201462321800369,2,950.0
-0.19491997827107838,1.7237439052318868,2,790.0
-1.5113335046101537,-2.007565636755826,0,850.0
0.041123248732655854,-0.9239614476251872,0,920.0
0.25339343737694725,0.2924869381209005,2,900.0
0.8067853354075986,1.2346961623681714,2,960.0
-0.45531415126235597,0.3957189598022901,2,770.0
-0.03231236534549551,0.3317784013364591,2,790.0
-0.22464844889692145,-0.14893138896259553,2,1000.0
-0.261151852281617,-0.1996223397961572,0,930.0
0.7578903484171159,0.2777601897221653,2,1100.0
-2.665285189712169,2.3081264087258138,0,720.0
-0.11329226667413472,1.427459563278493,2,810.0
0.11169420803100849,0.997125814589769,2,920.0
0.11309326430342113,0.14151285790300083,2,970.0
-1.0133414730274903,-0.9998364138266739,0,900.0
-1.3474224075898282,0.4117341025527751,0,400.0
0.5597545255260745,-1.289507315528076,1,1100.0
-0.38128531196810656,-1.6086440692185495,0,980.0
-0.16975606029701865,-0.6141234872299167,0,1000.0
0.8514976738479245,-0.8773106456329672,1,1200.0
0.38786750421623195,-0.429932282559226,2,845.96
-0.0396549072930163,0.5072274267018543,2,910.0
-0.47920866974362,-0.22429229624849642,0,930.0
-0.29390110132525665,-0.4186196654086792,0,1100.0
-2.4260005331792343,-0.9734219595138476,0,800.0
-3.706559078826186,-0.4920451419458285,0,560.0
-1.6215220214140487,-0.4553447431983774,0,720.0
-0.48264343269489657,0.6266411655270773,2,790.0
-0.9220844294127614,0.35077288518038635,0,780.0
-0.8962583091063301,-0.22044176947611863,0,970.0
-0.9953645216857123,0.0207678061203147,0,790.0
-0.7889810371897014,-0.6914848012739291,0,1000.0
-0.4184212827260911,0.32456602659944733,2,790.0
1.7860520860157991,-0.5112641242489968,1,1000.0
1.3041205933347229,-1.2926328649487848,1,890.0
-0.4683939198376451,-0.05641691077097378,0,870.0
0.7664791728128136,0.21894934530440213,2,1100.0
0.2232019466373817,-0.3891729286373219,2,1000.0
1.337473561522008,-1.6905296373590848,1,1100.0
2.883711162314887,-0.7278221575452107,1,1200.0
0.8631495379211587,1.7974451302558014,2,820.0
0.229401762667662,2.174518715116892,2,930.0
0.13567429216722998,2.303111844454916,2,920.0
0.6322698305618003,1.544293571214284,2,960.0
0.472639755760302,1.6823321373398297,2,930.0
0.5055498911844619,1.8486978067518798,2,850.0
0.13314464887339944,1.0499742189513999,2,830.0
0.22459843982547492,1.3773745675324613,2,850.0
0.17878344766091378,1.4991006801530946,2,1000.0
0.8794500644537993,0.6008456312470889,2,1100.0
-0.014217767916905216,1.6995019958950535,2,850.0
0.273444821946927,1.2009482991692992,2,940.0
-1.1994175451065405,-0.9715101262234848,0,1000.0
-0.6702387061159839,0.48410270379992604,2,820.0
-1.2830892576516908,0.23474529284378085,0,770.0
-1.081643697233067,0.0331336982933931,0,820.0
-0.4046666214162647,-0.12147334485240945,0,1000.0
-0.447833775877424,-0.05936367656540954,0,890.0
0.0055587470991607605,0.21450501270648592,2,930.0
-0.2171581951922954,0.6461705694886574,2,820.0
1.3139967439976883,1.1620005026357976,2,1100.0
0.25673232564236287,0.6325162829638291,2,900.0
0.33997807882347036,-0.19606331104000305,2,845.96
-0.11360464533673172,1.1412621306850894,2,890.0
-0.8702893573968657,0.28742662767607835,0,790.0
-0.597461211337043,0.3059036152825029,2,1000.0
0.11808015985953958,0.9386306950785527,2,950.0
0.686062797639683,0.1169723269924395,2,1100.0
0.10548121737731186,-0.543383189147325,2,990.0
-1.6416759267873708,-0.3948763430212441,0,670.0
-1.755819061693131,-0.3209370134981189,0,760.0
-1.524652776595248,0.6049038137222867,0,810.0
0.00897996881732156,0.21235758193779247,2,970.0
0.6075138634280075,-0.49851980362130544,2,1100.0
-0.1897754285366507,1.4400785367809847,2,850.0
-0.509273002686381,0.5169551974136001,2,940.0
1.2541401461750754,0.8826801095191599,2,1100.0
0.2878413133418822,1.1396479886674171,2,1000.0
-0.32147360259106406,0.20711097212820206,2,990.0
-0.06252367682596043,0.4512681292023868,2,950.0
0.8336898390545027,0.4363216904565608,2,1200.0
0.9332961501450854,0.023957951032119045,2,1100.0
-0.124383167676181,0.17720605999227937,2,990.0
-0.209017568135044,-0.3814911049280017,0,980.0
0.4836006333730321,0.6559233397899814,2,860.0
0.22651851517908705,0.07264767942425374,2,1100.0
-0.027456774720853543,0.16331416410422514,2,990.0
-0.725055773990324,0.2106883720524152,0,890.0
-1.0165560690886104,-0.7707133386650267,0,880.0
-0.6639770464917468,-0.14354483571586654,0,740.0
-0.6310854502663259,-0.4871097981079421,0,970.0
0.591226511518782,-0.3251029446297125,2,1100.0
-0.050355143350637344,-0.7076322687680638,0,845.96
-0.5536107522604538,-0.10178313625162412,0,990.0
-0.07585367796169883,-0.002488963961992804,2,980.0
0.33303929412783323,1.1907498832836654,2,920.0
-0.502077439276564,-0.2802515937479638,0,980.0
0.06835214173496129,0.31900783027082175,2,910.0
0.29774482814789094,-0.3035128943987746,2,845.96
-0.6309743326854469,1.1052252619137537,2,790.0
-0.7962935134669307,0.10739583329650859,0,830.0
0.5352002395937403,0.30470580628339666,2,1000.0
0.401915656028013,0.5590994037490339,2,1100.0
-0.8595956674929739,0.9143011425750075,2,900.0
-0.2744357475311358,-0.1993755233568717,0,900.0
-0.4715261824460188,-0.16947061122094895,0,845.96
0.31213219209034937,0.5669962842819488,2,960.0
0.20029316901294072,0.9827703541012707,2,920.0
-0.39802342430009924,0.21808241263069916,2,870.0
1.1530791612158655,0.6208649102179922,2,780.0
1.1262685174932607,1.190563583918897,2,1200.0
0.36621533571866854,1.014912466675215,2,960.0
0.29041584508128176,0.8563509659408192,2,850.0
-0.07769355223567592,0.4550994261393292,2,880.0
-0.2656259054143306,0.9360451944349777,2,820.0
-0.49243328448350265,-0.7932242102226656,0,940.0
0.8072944614075434,0.4976846445355762,2,1100.0
0.4647090506638135,0.6636022213133698,2,1200.0
-0.08891905447292102,0.5126310832814023,2,1000.0
0.11777064678945438,1.5061882029008917,2,810.0
-0.5660039840181006,0.12865545935396747,0,930.0
0.43185368200491797,0.21098649849015805,2,1100.0
-0.45708396942233925,-1.784364487110485,0,845.96
-0.10570274201617035,-1.6077206549028482,0,845.96
0.4337722091704228,-0.3230089073780323,2,845.96
-0.8613571913836142,-2.180432876362833,0,845.96
-0.038422916945152506,-0.7093424453451916,0,845.96
-1.082951759173691,-0.19368408364628734,0,760.0
-0.4715261824460188,-0.16947061122094895,0,830.0
-0.449127445753981,0.6810744593115691,2,920.0
-0.6611497832090869,0.2541376955541545,0,910.0
-0.5315223794694524,-0.4997225067203061,0,1100.0
-1.2437108369462546,0.00043906713299231103,0,1000.0
-1.9660213456151567,-0.4043125727327057,0,680.0
-1.2041834229415513,-0.5743964011894238,0,720.0
-0.49997995310525306,-0.1653924978447209,0,930.0
-0.9742215791518462,-0.321113290103512,0,900.0
0.05964189072747984,0.6624211950997518,2,960.0
0.0818657155846311,0.7727386130263222,2,940.0
-0.7258777628741135,-0.9801428825216931,0,1200.0
-0.1840299076395409,1.1530128606945775,2,820.0
0.07751059008089034,0.9444452954407873,2,920.0
-0.32147360259106406,0.20711097212820206,2,870.0
-0.6255305148103287,-1.1705788181886798,0,870.0
0.7764987032015708,2.0927923202489307,2,920.0
1.6907196668053142,0.594759535403321,2,930.0
0.6189142775001418,0.18417619184256873,2,1100.0
-0.45457083291788997,-0.17024363583781238,0,990.0
-2.1456912785150766,-1.0612343902546437,0,740.0
-1.823694493351511,0.31719835640097527,0,640.0
-1.4727775034997164,-0.3055809417889069,0,750.0
-0.5421625841502401,-0.10176684860212076,0,970.0
-0.7388035401845164,-0.4140913328955781,0,890.0
-0.5085370636787981,-0.6198336616399517,0,850.0
1.7558138769657439,3.3144643280999255,2,930.0
-0.5516807985871462,-0.15632542954087952,0,970.0
-1.0691562389414178,-0.2515840865126649,0,810.0
-1.1762848841684814,-0.2954669063367218,0,810.0
-0.19051545057739713,-0.26732610241498506,0,850.0
-0.902824968056281,0.6918346008597197,2,720.0
-0.7557239436882801,0.10158123293427375,0,810.0
-0.6132743832706902,-0.772590584771488,0,860.0
-0.2830867180289812,-0.4251408889413964,0,880.0
-0.0021583196131034505,-0.18081960452381063,2,880.0
-1.0395388858964538,0.028756147660121707,0,710.0
-1.5521405630370477,0.10056727624998892,0,760.0
0.0980287752895626,0.030169334030153448,2,1000.0
-0.03930666767359318,-0.17715243493026922,2,870.0
0.6081893403475478,-0.12100184101114546,2,845.96
-0.08591651274567244,1.8249378761676103,2,680.0
0.2943881515509363,1.0285212129557286,2,870.0
-0.21204822487253333,0.022002268835006188,2,880.0
0.013620272905879357,0.5571716633274313,2,870.0
-0.0032729305201031683,0.8425208979465828,2,800.0
-0.2845520675382137,0.6032211437556172,2,800.0
-0.16924858244893493,-0.21445138764447583,2,940.0
-0.257421117493371,-0.76932727838719,0,920.0
-0.23639710258847618,-0.14724752279434655,2,840.0
-0.4727346532773189,1.0825456894601502,2,780.0
0.12658378520998045,0.36824168585666894,2,930.0
-0.3127040710739466,-0.7054811231141829,0,880.0
0.2048845016227659,0.01982558547150181,2,1300.0
-0.4086735073005823,-0.634146524070068,0,900.0
-0.16185505426112093,-0.044428571398259675,2,980.0
0.12249456587291635,0.1977452822506328,2,940.0
-0.019113669141233636,-0.1800465799069471,2,930.0
1.2420033088741105,-0.3048723667044623,1,940.0
2.28378888707239,-0.863872786721967,1,1100.0
0.5428485140863778,0.19342116811843477,2,830.0
-0.165299328922391,-0.26928309543139894,2,970.0
-0.479568435834597,0.3465865879827107,2,900.0
1.777086604482245,-1.5281886448221884,1,1100.0
1.4100481470673685,0.5740925189698207,1,930.0
0.714257674859423,0.8515269540399224,2,870.0
1.8612270042246344,1.0835691737678257,2,840.0
-0.6731989224819828,0.25752171554015574,0,820.0
-1.5877318340371138,-1.6577651074594528,0,790.0
-0.16465060372162812,-0.9553631108812746,0,920.0
0.3079787942417812,-0.7589901868996576,1,845.96
0.7256737625377822,1.1903986408921798,2,1000.0
-0.6095164484046629,-1.572618854573221,0,980.0
-0.7897890006191262,-1.0894567470416179,0,850.0
-1.4099841088639158,-0.20107812422457122,0,780.0
-1.40167271710645,-0.03118686002274934,0,640.0
0.29963357393684686,0.91260970069733,2,830.0
-0.1779588334564164,0.1289619771844543,2,960.0
2.0163949830761836,-0.9324230559774834,1,1100.0
1.2994336350371867,-0.4315774114933337,1,1100.0
-0.538522843693784,0.41095895143329547,2,820.0
-0.304701825776864,0.20636425792021734,2,950.0
0.4051109796709927,-0.5287475212372182,1,890.0
0.2879685352401978,-0.738963435174319,1,910.0
0.24119658634694746,-0.6746800257097466,2,1000.0
-1.1110425315397359,0.26766669492471623,0,720.0
-1.3506950026184241,-0.10104431830039876,0,770.0
0.9902016767019922,0.9780887326874595,2,940.0
-0.596893171437163,-1.174683241973787,0,1000.0
-0.6016952768387007,0.018611168275561425,0,770.0
-0.49881765226168245,1.4301060761325695,2,680.0
-0.03610774521869898,-0.06245120148029956,2,1000.0
0.5874710756355656,1.1542836565775234,2,845.96
0.45892821713263643,0.2613717471765487,2,840.0
-0.9220844294127614,0.35077288518038635,0,650.0
-0.9599523096552052,1.4961978232363418,2,660.0
-0.5441905448825202,0.6387765289103735,2,670.0
-0.5807404207631361,-0.04031494053709308,0,680.0
-0.12383208292468738,0.35152373777588214,2,930.0
0.17394766012937396,-0.9667855432199001,0,845.96
-0.7872840584202672,1.0733625410781018,2,780.0
0.16446928971870234,1.2182242150433549,2,890.0
-0.2729655817693408,1.965249160216116,2,730.0
-0.9755745295380391,0.9885035761869215,2,770.0
-0.7063400180484528,0.9482586733615949,2,750.0
-0.4990752641590163,0.8576585901280045,2,880.0
0.15777797195475668,1.3869515563643775,2,780.0
-0.6436491442159976,2.021691252151463,2,780.0
-0.009089258398405572,1.5852643270455284,2,840.0
-0.4930820096842655,-0.10714419477279014,0,950.0
0.596181326643047,0.8108702917485934,2,920.0
-0.2506186821485449,0.6542804403134832,2,990.0
0.16578601253837108,0.7047880339682087,2,830.0
-0.9785232194324828,0.8754235653280675,2,750.0
0.6158787404085788,0.6962016335976304,2,930.0
0.31794309129181947,1.5926583676238122,2,880.0
-0.7413043993502144,0.2672828772342241,0,910.0
-0.9275566648063114,0.8664617386597414,2,700.0
-0.3157482690445517,0.5467982816557052,2,800.0
-0.73509713988154,0.10028200013983252,0,880.0
-1.0130928886189008,0.13846842618247793,0,720.0
-1.1302859526802895,-0.24282272035599434,0,740.0
-4.825939015878713,0.2967962500115494,0,610.0
-3.91235976474855,-0.11872686498097558,0,560.0
-2.813544485400617,-0.6216928141416241,0,620.0
-2.1191209890332297,-0.3823696917277112,0,680.0
-3.2341825123697907,-0.6106996367828111,0,640.0
-1.874027996383144,-0.01609552376895773,0,800.0
-2.0322096768237965,0.7484855446994665,0,720.0
-1.2098754586155582,0.7374994479140974,0,750.0
-0.6549425237404124,0.087136818459763,0,980.0
-0.3546496441818992,0.38294838873665277,2,920.0
0.29774482814789094,-0.3035128943987746,2,845.96
-0.6235836700901445,0.4214931377442271,2,790.0
-0.3178264827977222,1.2906630355770672,2,870.0
-0.940950093586358,1.43920866192135,2,780.0
0.1009185512840709,0.8868246843127019,2,810.0
-0.19032199954377166,0.9828321819950883,2,770.0
-0.4388054150223222,1.5909302720305496,2,760.0
-0.4155262597678086,1.2470859179001816,2,870.0
0.2973249483641226,0.8537036374034269,2,1000.0
-1.9106996654852444,-0.584981081815497,0,660.0
-1.2178905119263552,1.0232333159070568,2,700.0
-0.10007466466143436,1.5999618228494525,2,860.0
-0.17348807662742516,1.2666616777893918,2,900.0
-1.163918485878915,-0.12118556172137324,0,910.0
